País,Ano,Quantidade (Kg),Valor (US$),Década,Ano_Quantidade,Continente
Africa do Sul,2001,10.661063873251763,11.50491345436005,2000,21332.788810376776,África
Africa do Sul,2002,10.379566439972283,11.574189882074002,2000,20779.89201282451,África
Africa do Sul,2003,11.965528579535796,12.630366050219317,2000,23966.9537448102,África
Africa do Sul,2004,12.623103940009702,13.407695691334597,2000,25296.700295779443,África
Africa do Sul,2005,12.917585146445573,13.561162676269403,2000,25899.758218623374,África
Africa do Sul,2006,12.790718271419069,13.967401257387117,2000,25658.180852466652,África
Africa do Sul,2007,12.864695666841458,14.093327883400486,2000,25819.444203350806,África
Africa do Sul,2008,12.66153671073266,13.956749669656999,2000,25424.365715151183,África
Africa do Sul,2009,13.10845510422093,14.47378157413679,2000,26334.88630437985,África
Africa do Sul,2010,13.781205821572282,15.09662744222927,2010,27700.223701360286,África
Africa do Sul,2011,13.137271694137446,14.574630387059319,2010,26419.053376910404,África
Africa do Sul,2012,13.490234608343664,14.927844933350826,2010,27142.35203198745,África
Africa do Sul,2013,13.071768786235246,14.501222666753115,2010,26313.47056669155,África
Africa do Sul,2014,13.490771616226226,14.925370355588111,2010,27170.41403507962,África
Africa do Sul,2015,13.518903442205703,14.912970182570335,2010,27240.59043604449,África
Africa do Sul,2016,13.268764103771526,14.338004046677945,2010,26749.828433203395,África
Africa do Sul,2017,13.945426798795037,14.991484733345114,2010,28127.92585316959,África
Africa do Sul,2018,13.935117706692136,15.089300054343795,2010,28121.06753210473,África
Africa do Sul,2019,13.9035608118011,15.097565718961471,2010,28071.28927902642,África
Africa do Sul,2020,13.348942619966419,14.346769786388942,2020,26964.864092332165,África
Africa do Sul,2021,13.663722085926036,14.735052399250351,2020,27614.38233565652,África
Africa do Sul,2022,13.51185762760238,14.633892055415888,2020,27320.976123012013,África
Africa do Sul,2023,13.166828009457568,14.36527858692871,2020,26636.49306313266,África
Alemanha,1970,10.864713408404029,10.325449175172755,1970,21403.485414555937,Europa
Alemanha,1971,10.451811252722203,10.166928160614875,1970,20600.519979115463,Europa
Alemanha,1972,11.808865843548956,11.4306736523535,1970,23287.083443478543,Europa
Alemanha,1973,11.621995093356848,11.499221999911736,1970,22930.19631919306,Europa
Alemanha,1974,12.297621213882216,12.218509980233808,1970,24275.504276203494,Europa
Alemanha,1975,11.808240829577406,11.917937136958438,1970,23321.275638415376,Europa
Alemanha,1976,12.032522507123305,12.051224222336618,1970,23776.26447407565,Europa
Alemanha,1977,11.988706124993348,12.215235537722009,1970,23701.672009111848,Europa
Alemanha,1978,12.989590554136164,13.412989113025338,1970,25693.410116081333,Europa
Alemanha,1979,12.979598631122764,13.446481038147303,1970,25686.62569099195,Europa
Alemanha,1980,13.032513065358382,13.46497103946496,1980,25804.375869409596,Europa
Alemanha,1981,13.46906172014483,13.657488560915786,1980,26682.21126760691,Europa
Alemanha,1982,13.812454894175211,13.935006791924698,1980,27376.28560025527,Europa
Alemanha,1983,13.653057508649294,13.71941917309872,1980,27074.01303965155,Europa
Alemanha,1984,13.282176850453002,13.24304000037387,1980,26351.838871298754,Europa
Alemanha,1985,13.882905620300447,13.931014554137503,1980,27557.567656296385,Europa
Alemanha,1986,14.672948547316315,14.917031279704203,1980,29140.475814970203,Europa
Alemanha,1987,14.08364277117134,14.438195037366679,1980,27984.19818631745,Europa
Alemanha,1988,14.523187666008537,14.82980529258695,1980,28872.09708002497,Europa
Alemanha,1989,14.875085370023594,15.220317498940577,1980,29586.544800976928,Europa
Alemanha,1991,14.945759101125395,15.329605610060046,1990,29757.006370340663,Europa
Alemanha,1992,14.738005205694014,15.108607904971675,1990,29358.106369742476,Europa
Alemanha,1997,15.397991987185575,15.446360781849753,1990,30749.789998409593,Europa
Alemanha,1998,14.918805864168764,15.391191253133567,1990,29807.77411660919,Europa
Alemanha,1999,14.761964957655593,15.328295489439983,1990,29509.16795035353,Europa
Alemanha,2000,13.96799556561525,14.327459550515211,2000,27935.9911312305,Europa
Alemanha,2001,13.720186178059128,13.972405753873739,2000,27454.092542296316,Europa
Alemanha,2002,13.540696009362806,13.62881464762111,2000,27108.473410744336,Europa
Alemanha,2003,13.258988230342867,13.35294321090891,2000,26557.753425376763,Europa
Alemanha,2004,12.948190926270597,13.219038080368797,2000,25948.174616246277,Europa
Alemanha,2005,12.443852560777373,12.854745335988289,2000,24949.924384358634,Europa
Alemanha,2006,12.659533951906594,13.361177107630853,2000,25395.025107524627,Europa
Alemanha,2007,12.363106308422322,13.38107019231923,2000,24812.7543610036,Europa
Alemanha,2008,12.591117335548718,13.877382401676025,2000,25282.963609781826,Europa
Alemanha,2009,10.934463192488426,12.584087759630217,2000,21967.336553709247,Europa
Alemanha,2010,12.168692637239774,13.573024898298756,2010,24459.072200851944,Europa
Alemanha,2011,12.196153614187171,13.746745517664683,2010,24526.4649181304,Europa
Alemanha,2012,11.637300061809333,13.289855519952281,2010,23414.247724360375,Europa
Alemanha,2013,11.65153021631891,12.933792735687963,2010,23454.530325449967,Europa
Alemanha,2014,11.659663021081812,13.0884280320542,2010,23482.56132445877,Europa
Alemanha,2015,11.46344105987132,12.789058918074424,2010,23098.83373564071,Europa
Alemanha,2016,11.972796684287408,13.315186268336769,2010,24137.158115523413,Europa
Alemanha,2017,11.330083772929386,12.663370902278356,2010,22852.778969998573,Europa
Alemanha,2018,11.870404085874096,13.155751730749605,2010,23954.475445293927,Europa
Alemanha,2019,11.523430097615314,12.930706380673033,2010,23265.80536708532,Europa
Alemanha,2020,11.827685108614363,13.130666808307488,2020,23891.92391940101,Europa
Alemanha,2021,11.576294552586889,13.212145578778797,2020,23395.691290778104,Europa
Alemanha,2022,11.43605521971203,12.991333994997298,2020,23123.703654257723,Europa
Alemanha,2023,11.537198477345619,13.232021047056836,2020,23339.752519670186,Europa
Argélia,2016,0.0,3.784189633918261,2010,0.0,África
Arábia Saudita,2016,0.0,3.784189633918261,2010,0.0,Ásia
Arábia Saudita,2018,6.335054251498059,8.086410275323782,2010,12784.139479523083,Ásia
Arábia Saudita,2021,7.828436359157585,9.078179468373843,2020,15821.26988185748,Ásia
Arábia Saudita,2023,2.1972245773362196,5.087596335232384,2020,4444.985319951172,Ásia
Argentina,1970,9.879502189785617,9.414178772232386,1970,19462.619313877665,América do Sul
Argentina,1971,10.124348500692786,9.617337639062423,1970,19955.090894865483,América do Sul
Argentina,1972,11.560829522377283,10.97057477379638,1970,22797.955818128,América do Sul
Argentina,1973,11.66897149035192,11.240092595368653,1970,23022.880750464337,América do Sul
Argentina,1974,12.282714191188612,12.028583394318188,1970,24246.07781340632,América do Sul
Argentina,1975,11.890155694063608,11.417031114571483,1970,23483.057495775625,América do Sul
Argentina,1976,12.761835305407093,12.533605040581913,1970,25217.386563484415,América do Sul
Argentina,1977,12.920002365272648,12.888199322806653,1970,25542.844676144025,América do Sul
Argentina,1978,13.327970052668318,13.472758242865899,1970,26362.724764177932,América do Sul
Argentina,1979,13.380069115460145,13.69778727052293,1970,26479.156779495628,América do Sul
Argentina,1980,12.60643140507002,13.080426177940803,1980,24960.734182038643,América do Sul
Argentina,1981,11.788577971456903,12.250921720466344,1980,23353.172961456123,América do Sul
Argentina,1982,12.165110016121297,12.485551160631266,1980,24111.24805195241,América do Sul
Argentina,1983,11.795356273639308,12.147521497580286,1980,23390.19149062675,América do Sul
Argentina,1984,10.655823029773595,11.076031607358404,1980,21141.15289107081,América do Sul
Argentina,1985,11.648949997137963,12.010209818169551,1980,23123.165744318856,América do Sul
Argentina,1986,12.045986049626848,12.399494861395032,1980,23923.32829455892,América do Sul
Argentina,1987,11.50140940900898,11.826582254594205,1980,22853.300495700845,América do Sul
Argentina,1988,12.935869930365383,13.28916342980403,1980,25716.50942156638,América do Sul
Argentina,1989,13.48152343089881,13.958385909516851,1980,26814.75010405773,América do Sul
Argentina,1990,13.029754545671665,13.488947661257102,1990,25929.211545886614,América do Sul
Argentina,1991,13.655860450634695,14.216733346814307,1990,27188.81815721368,América do Sul
Argentina,1992,13.005598073683064,13.611763914398296,1990,25907.151362776665,América do Sul
Argentina,1993,12.7925890595607,13.586184182323052,1990,25495.629995704476,América do Sul
Argentina,1994,13.008782500299647,13.500925832581048,1990,25939.512305597495,América do Sul
Argentina,1995,14.150485245246585,14.504691884912306,1990,28230.218064266937,América do Sul
Argentina,1996,13.565777878059574,14.17881736242205,1990,27077.29264460691,América do Sul
Argentina,1997,13.828729797534526,14.552464075461428,1990,27615.97340567645,América do Sul
Argentina,1998,14.074168732587633,14.938417331199823,1990,28120.18912771009,América do Sul
Argentina,1999,14.722066459763301,15.480358957504059,1990,29429.410853066838,América do Sul
Armênia,2022,7.777373602657861,9.522885774152654,2020,15725.849424574195,Ásia
Armênia,2023,8.172729104865471,10.099753105042092,2020,16533.43097914285,Ásia
Austrália,2000,11.776043291592273,13.010074471339482,2000,23552.086583184548,Oceania
Austrália,2001,12.096877007404661,13.364118258466195,2000,24205.850891816728,Oceania
Austrália,2002,11.91114438273942,13.009629075416557,2000,23846.11105424432,Oceania
Austrália,2003,11.747538983983638,12.749318023652267,2000,23530.320584919227,Oceania
Austrália,2004,12.168059203331957,13.237996548200893,2000,24384.79064347724,Oceania
Austrália,2005,12.689001754688674,13.711512447144695,2000,25441.44851815079,Oceania
Austrália,2006,12.446694556494553,13.873475646354803,2000,24968.069280328073,Oceania
Austrália,2007,12.803842644041193,14.275060992441974,2000,25697.312186590676,Oceania
Austrália,2008,12.279025665268763,14.037591144531577,2000,24656.28353585968,Oceania
Austrália,2009,12.50953825011269,13.814190687318101,2000,25131.662344476394,Oceania
Austrália,2010,12.912313725601276,14.438689570161278,2010,25953.750588458566,Oceania
Austrália,2011,13.622460859901043,14.849148319346833,2010,27394.768789260997,Oceania
Austrália,2012,13.329922113932204,14.721663677449168,2010,26819.803293231595,Oceania
Austrália,2013,13.223458609659922,14.34838099932035,2010,26618.82218124542,Oceania
Austrália,2014,12.374730443557356,13.82432360869613,2010,24922.707113324515,Oceania
Austrália,2015,12.886719521816444,14.048058548585713,2010,25966.739836460132,Oceania
Austrália,2016,13.119390964157821,14.245886141107926,2010,26448.69218374217,Oceania
Austrália,2017,12.778864108924802,14.03588708459416,2010,25774.968907701324,Oceania
Austrália,2018,8.165932137321585,9.98345333417401,2010,16478.85105311496,Oceania
Austrália,2019,9.698490846702954,14.009961587707467,2010,19581.253019493266,Oceania
Austrália,2020,12.26714893003754,13.582382325206922,2020,24779.64083867583,Oceania
Austrália,2021,12.812779195284804,14.139833576522268,2020,25894.62675367059,Oceania
Austrália,2022,13.269541232062702,14.279282309333492,2020,26831.012371230783,Oceania
Austrália,2023,12.97810032019349,14.265662821226119,2020,26254.696947751432,Oceania
Áustria,1970,7.192182058713246,6.56244409369372,1970,14168.598655665093,Europa
Áustria,1972,5.869296913133774,6.255750041753367,1970,11574.253512699803,Europa
Áustria,1973,7.745435610274381,7.641084249174914,1970,15281.744459071353,Europa
Áustria,1974,8.57583938684897,8.9085593751449,1970,16928.70694963987,Europa
Áustria,1975,9.086589564540008,8.623533227187563,1970,17946.014389966516,Europa
Áustria,1978,6.398594934535208,5.958424693029782,1970,12656.42078051064,Europa
Áustria,1979,8.35490952835879,8.231376045573969,1970,16534.365956622045,Europa
Áustria,1980,7.777373602657861,8.679141958402255,1980,15399.199733262565,Europa
Áustria,1983,9.036106025364846,8.93353229607628,1980,17918.59824829849,Europa
Áustria,1985,9.378478484253662,8.520587424484253,1980,18616.27979124352,Europa
Áustria,1986,7.462214939768189,8.163086375583216,1980,14819.958870379623,Europa
Áustria,1987,7.83241092718792,8.942591637231851,1980,15563.000512322396,Europa
Áustria,1988,7.496097345175956,8.860215358901183,1980,14902.2415222098,Europa
Áustria,1991,8.729235349659273,9.983176351437496,1990,17379.907581171614,Europa
Áustria,1993,8.183397369998433,8.542665987389269,1990,16309.510958406878,Europa
Áustria,1994,6.814542897259958,8.6328406149422,1990,13588.198537136357,Europa
Áustria,1995,6.985641817639208,8.733271845008325,1990,13936.35542619022,Europa
Áustria,1997,8.39049553837028,9.2681374707024,1990,16755.819590125448,Europa
Áustria,1998,9.096835671179361,10.991695907488845,1990,18175.477671016364,Europa
Áustria,1999,11.337750311696707,13.40166795644539,1990,22664.162873081717,Europa
Áustria,2001,6.647688373563329,0.0,2000,13302.024435500221,Europa
Áustria,2004,7.065613363597717,10.11366743745848,2000,14159.489180649825,Europa
Áustria,2005,7.4318919168078,9.75973264889099,2000,14900.943293199638,Europa
Áustria,2006,7.20934025660291,9.031213706078747,2000,14461.936554745436,Europa
Áustria,2007,7.4318919168078,10.470164069042124,2000,14915.807077033254,Europa
Áustria,2008,9.340403256274351,11.202984150213027,2000,18755.529738598896,Europa
Áustria,2009,7.547501682814967,9.398809659356372,2000,15162.930880775268,Europa
Áustria,2010,7.753623546559746,10.311482790497918,2010,15584.78332858509,Europa
Áustria,2011,8.757469141470748,10.937170132451657,2010,17611.270443497677,Europa
Áustria,2012,8.99949587624899,11.351782059593472,2010,18106.985703012968,Europa
Áustria,2013,10.948171499178683,12.333607972629235,2010,22038.669227846687,Europa
Áustria,2014,7.9269635448629785,10.377140763947736,2010,15964.904579354039,Europa
Áustria,2015,5.8888779583328805,8.266678443305896,2010,11866.089086040754,Europa
Áustria,2016,7.303843225277705,8.929567707825337,2010,14724.547942159852,Europa
Áustria,2017,7.884576510596324,10.111720491114584,2010,15903.190821872786,Europa
Áustria,2018,13.149970762305854,14.265226654866378,2010,26536.640998333212,Europa
Áustria,2019,12.760790745060504,11.762749894865768,2010,25764.03651427716,Europa
Áustria,2020,8.785845337961213,10.86568811391948,2020,17747.40758268165,Europa
Áustria,2021,9.505097358099926,11.862335080209208,2020,19209.80176071995,Europa
Áustria,2022,8.909775673693389,10.896276255383007,2020,18015.56641220803,Europa
Áustria,2023,9.731096524419081,11.887766403534584,2020,19686.0082688998,Europa
Bermudas,2021,2.3978952727983707,4.955827057601261,2020,4846.146346325507,América do Norte
Bermudas,2022,0.6931471805599453,1.6094379124341003,2020,1401.5435990922094,América do Norte
Bermudas,2023,1.9459101490553132,6.779921907472252,2020,3936.576231538899,América do Norte
Bélgica,1992,9.937937287265354,10.327970666480054,1990,19796.371076232586,Europa
Bélgica,1993,6.78332520060396,7.238496840894365,1990,13519.167124803691,Europa
Bélgica,1997,9.531843992903474,11.465582253459708,1990,19035.092453828238,Europa
Bélgica,1998,9.144627828610801,10.618885342030893,1990,18270.96640156438,Europa
Bélgica,1999,8.621733370690162,10.061943238228102,1990,17234.845008009634,Europa
Bélgica,2016,2.0794415416798357,6.994849985833071,2010,4192.154148026549,Europa
Bélgica,2017,8.384118837190895,10.719338973071524,2010,16910.767694614035,Europa
Bélgica,2018,5.099866427824199,7.091742115095153,2010,10291.530451349234,Europa
Bélgica,2019,2.0794415416798357,3.4339872044851463,2010,4198.392472651588,Europa
Bolívia,2007,6.293419278846481,7.207118856207756,2000,12630.892492644887,América do Sul
Bolívia,2023,7.065613363597717,9.298442820197728,2020,14293.735834558182,América do Sul
Bósnia-Herzegovina,2020,7.105786129481271,6.805722553416985,2020,14353.687981552168,Europa
Brasil,2004,7.644440761556566,9.69356866855007,2000,15319.459286159357,América do Sul
Brasil,2005,8.00903068506973,9.905585350618274,2000,16058.10652356481,América do Sul
Brasil,2006,7.983098940710892,9.435721418230584,2000,16014.09647506605,América do Sul
Brasil,2007,8.164510268747042,9.885018036252466,2000,16386.172109375315,América do Sul
Brasil,2008,5.736572297479192,7.478734825567875,2000,11519.037173338218,América do Sul
Brasil,2010,2.0794415416798357,5.4510384535657,2010,4179.67749877647,América do Sul
Brasil,2011,4.543294782270004,7.060476365999801,2010,9136.565807144978,América do Sul
Brasil,2012,6.9584483932976555,9.61693817168028,2010,14000.398167314883,América do Sul
Brasil,2013,6.161207321695077,8.656607247198915,2010,12402.51033857219,América do Sul
Brasil,2014,6.1092475827643655,8.701512750872865,2010,12304.024631687433,América do Sul
Brasil,2015,7.215239978730097,9.466531777336593,2010,14538.708557141146,América do Sul
Brasil,2016,5.214935757608986,7.662937850461535,2010,10513.310487339715,América do Sul
Brasil,2017,13.647822999971966,12.468959850163696,2010,27527.658990943455,América do Sul
Brasil,2018,9.800402224452803,11.71019310387089,2010,19777.211688945757,América do Sul
Brasil,2019,10.285206266914292,12.413123399611125,2010,20765.831452899954,América do Sul
Brasil,2020,8.3774712482411,10.626533283441937,2020,16922.491921447025,América do Sul
Brasil,2021,9.441690159837492,10.592049235754445,2020,19081.65581303157,América do Sul
Brasil,2022,0.6931471805599453,1.791759469228055,2020,1401.5435990922094,América do Sul
Brasil,2023,8.737131611781498,11.250196133874024,2020,17675.21725063397,América do Sul
Bulgária,2010,9.952182474074887,11.458764906010792,2010,20003.88677289052,Europa
Bulgária,2011,7.001245622069476,7.8351837552667485,2010,14079.504945981716,Europa
Bulgária,2013,8.690810307580046,9.99829760729877,2010,17494.601149158632,Europa
Bulgária,2014,9.617137925318126,10.754877030826584,2010,19368.915781590706,Europa
Bulgária,2015,9.755277525370941,10.852806788424072,2010,19656.884213622445,Europa
Bulgária,2016,9.78571701680162,10.919696014949421,2010,19728.005505872065,Europa
Bulgária,2017,10.47121322343493,11.130712908672214,2010,21120.437071668253,Europa
Bulgária,2018,9.690727406601606,9.77286620732769,2010,19555.887906522043,Europa
Bulgária,2019,9.300638009956963,9.201904893155081,2010,18777.988142103106,Europa
Bulgária,2020,10.048063973643371,10.97370036668254,2020,20297.08922675961,Europa
Bulgária,2021,10.439571482516213,11.567640897159038,2020,21098.373966165265,Europa
Bulgária,2022,10.306616600846745,10.674104903862972,2020,20839.978766912118,Europa
Bulgária,2023,10.603659998032827,11.46408179936962,2020,21451.20417602041,Europa
Canada,2008,5.983936280687191,10.340386726133822,2000,12015.744051619879,América do Norte
Canada,2011,7.750614732770409,10.464045753403807,2010,15586.486227601294,América do Norte
Canada,2014,7.333676395657684,10.164273649274849,2010,14770.024260854576,América do Norte
Canada,2018,5.71042701737487,9.765316843477462,2010,11523.641721062488,América do Norte
Canada,2022,6.785587645007929,9.359449794564023,2020,13720.458218206033,América do Norte
Canada,2023,2.70805020110221,6.968850378341948,2020,5478.385556829771,América do Norte
Chile,1970,11.997639119335368,11.530961827456327,1970,23635.349065090675,América do Sul
Chile,1971,11.217305302416877,10.8636229061867,1970,22109.308751063665,América do Sul
Chile,1972,11.993726838190417,11.468503247417482,1970,23651.629324911504,América do Sul
Chile,1973,12.616724280325638,12.265006426916552,1970,24892.797005082484,América do Sul
Chile,1974,13.218930948179375,12.971275336241142,1970,26094.169691706087,América do Sul
Chile,1975,13.766566081889373,13.5473447973145,1970,27188.96801173151,América do Sul
Chile,1976,14.592838488065343,14.269432441340633,1970,28835.448852417117,América do Sul
Chile,1977,14.768505377405877,14.489703741039879,1970,29197.335131131418,América do Sul
Chile,1978,15.135376346257004,15.043913501413044,1970,29937.774412896353,América do Sul
Chile,1979,15.259128097127524,15.277660720037689,1970,30197.81450421537,América do Sul
Chile,1980,14.758866500225494,14.978463223140604,1980,29222.55567044648,América do Sul
Chile,1981,14.314903679002844,14.667743079999584,1980,28357.824188104634,América do Sul
Chile,1982,13.574733699676178,13.932647162506857,1980,26905.122192758186,América do Sul
Chile,1983,13.302445762456685,13.568609519193865,1980,26378.749946951608,América do Sul
Chile,1984,13.102605469108239,13.17529163451163,1980,25995.569250710745,América do Sul
Chile,1985,13.924065366432316,13.99378393191166,1980,27639.26975236815,América do Sul
Chile,1986,14.114054674245484,14.163424233834405,1980,28030.51258305153,América do Sul
Chile,1987,13.726187420004072,13.82392109007421,1980,27273.93440354809,América do Sul
Chile,1988,14.030675161971228,14.203811873986039,1980,27892.982221998802,América do Sul
Chile,1989,14.518948605447804,14.799730182166916,1980,28878.188776235682,América do Sul
Chile,1990,14.241103730604255,14.525611212796711,1990,28339.79642390247,América do Sul
Chile,1991,14.169282993698502,14.441265014689314,1990,28211.04244045372,América do Sul
Chile,1992,13.886076192011542,14.167497530516357,1990,27661.063774486993,América do Sul
Chile,1993,14.306539718415088,14.792212806596654,1990,28512.93365880127,América do Sul
Chile,1994,14.668957332116927,15.156320771514553,1990,29249.90092024115,América do Sul
Chile,1995,14.779593623006718,15.242354556518595,1990,29485.289277898402,América do Sul
Chile,1996,14.490678068631066,15.00148455113905,1990,28923.393424987607,América do Sul
China,2006,3.1354942159291497,6.208590026096629,2000,6289.801397153874,Ásia
China,2007,6.131226489483141,8.351374706721296,2000,12305.371564392664,Ásia
China,2008,8.83331693749932,10.3963223067812,2000,17737.300410498636,Ásia
China,2016,4.6913478822291435,5.365976015021851,2010,9457.757330573953,Ásia
China,2017,6.90875477931522,6.419994928147142,2010,13934.958389878799,Ásia
China,2018,1.791759469228055,6.159095388491933,2010,3615.770608902215,Ásia
China,2019,5.762051382780177,7.807510042216193,2010,11633.581741833177,Ásia
"Coreia do Sul, República",2004,6.111467339502679,6.329720905522696,2000,12247.380548363368,Ásia
"Coreia do Sul, República",2006,6.68586094706836,6.398594934535208,2000,13411.837059819129,Ásia
Croácia,2011,6.111467339502679,9.424564261115739,2010,12290.160819739887,Europa
Croácia,2012,6.447305862541213,9.715469803197292,2010,12971.97939543292,Europa
Croácia,2015,7.635303886259415,8.237479288613633,2010,15385.13733081272,Europa
Croácia,2019,6.111467339502679,7.972810784121404,2010,12339.052558455907,Europa
Croácia,2021,9.761001904239373,11.276633348900743,2020,19726.984848467775,Europa
Croácia,2022,6.78897174299217,10.47908916924103,2020,13727.300864330167,Europa
Croácia,2023,7.010311867307229,9.122710622015209,2020,14181.860907562525,Europa
Cuba,2023,2.1972245773362196,5.568344503761097,2020,4444.985319951172,América do Norte
Emirados Árabes Unidos,2014,3.58351893845611,7.037905963447182,2010,7217.207142050605,Ásia
Emirados Árabes Unidos,2015,6.272877006546167,9.219696466900208,2010,12639.847168190527,Ásia
Emirados Árabes Unidos,2016,7.685243607975833,10.477006245640542,2010,15493.451113679279,Ásia
Eslovênia,2011,8.188966863648876,11.044568479262589,2010,16468.01236279789,Europa
Eslovênia,2012,6.073044534100405,7.1098794630722715,2010,12218.965602610015,Europa
Eslovênia,2013,7.693025748417888,10.138875830266775,2010,15486.060831565208,Europa
Eslovênia,2014,8.340694647925071,10.059550688167716,2010,16798.15902092109,Europa
Eslovênia,2015,8.442685139241176,10.093735942146068,2010,17012.01055557097,Europa
Eslovênia,2016,9.572689189010719,10.757328247537078,2010,19298.54140504561,Europa
Eslovênia,2018,9.95118187839879,11.134910140570163,2010,20081.485030608757,Europa
Eslovênia,2019,10.3407419831337,11.524765099074422,2010,20877.958063946942,Europa
Eslovênia,2020,9.340754410698116,10.590918426099964,2020,18868.323909610193,Europa
Eslovênia,2021,10.667675506200325,12.056074996586071,2020,21559.37219803086,Europa
Eslovênia,2022,10.35806023475132,11.757650452718016,2020,20943.99779466717,Europa
Eslovênia,2023,10.268373692146376,11.73032454837688,2020,20772.919979212118,Europa
Eslováquia,2016,7.174724309836376,8.263332667439967,2010,14464.244208630134,Europa
Eslováquia,2017,9.97231374346598,11.079508313092495,2010,20114.156820570883,Europa
Eslováquia,2018,9.287394001418473,9.79473239269909,2010,18741.96109486248,Europa
Eslováquia,2019,6.131226489483141,8.058643712215618,2010,12378.946282266461,Europa
Espanha,1970,12.472762157996602,11.409341148713658,1970,24571.341451253305,Europa
Espanha,1971,11.853019705636726,10.82361093043046,1970,23362.301839809985,Europa
Espanha,1972,12.613479201142251,11.667456072615773,1970,24873.78098465252,Europa
Espanha,1973,12.331850305512262,11.671090931886424,1970,24330.740652775694,Europa
Espanha,1974,12.800994902544396,12.279364927956607,1970,25269.163937622638,Europa
Espanha,1975,12.070304467450923,11.720776682306136,1970,23838.85132321557,Europa
Espanha,1976,10.868092144688834,10.62135173563291,1970,21475.350077905136,Europa
Espanha,1977,11.568057382408227,11.495158564176068,1970,22870.049445021064,Europa
Espanha,1978,11.382452248497327,11.230098255244629,1970,22514.490547527712,Europa
Espanha,1979,11.550471700044191,11.434715243933667,1970,22858.383494387454,Europa
Espanha,1980,11.620721013527604,11.6016503730266,1980,23009.027606784653,Europa
Espanha,1981,10.93875172236773,10.997037046861776,1980,21669.66716201047,Europa
Espanha,1982,11.693153164507605,11.559723169318769,1980,23175.829572054074,Europa
Espanha,1983,11.096834097620764,11.009588398503299,1980,22005.022015581977,Europa
Espanha,1984,8.881975184248867,9.038602608721874,1980,17621.838765549754,Europa
Espanha,1985,11.03367925435756,10.99932934024157,1980,21901.853319899757,Europa
Espanha,1986,10.867234225566579,11.020774381469046,1980,21582.327171975227,Europa
Espanha,1987,11.177075034987192,11.528867709390981,1980,22208.84809451955,Europa
Espanha,1988,11.117509692715066,11.592291020350968,1980,22101.60926911755,Europa
Espanha,1989,10.914269947503001,11.776611931865789,1980,21708.48292558347,Europa
Espanha,1990,11.791753455468385,13.12905692554473,1990,23465.589376382086,Europa
Espanha,1991,10.87602628394887,12.04178155845304,1990,21654.1683313422,Europa
Espanha,1992,10.857497871437298,11.878179503016893,1990,21628.135759903096,Europa
Espanha,1993,10.790040466146326,11.764967406327086,1990,21504.55064902963,Europa
Espanha,1994,12.021356223333946,12.801783387398643,1990,23970.58430932789,Europa
Espanha,1995,12.862210865208525,13.413851696898572,1990,25660.110676091008,Europa
Espanha,1996,13.142316973696273,13.753535149245852,1990,26232.064679497762,Europa
Espanha,1997,12.771994224396192,13.948307430895243,1990,25505.672466119195,Europa
Espanha,1998,12.822827323305429,14.099396183020701,1990,25620.008991964245,Europa
Espanha,1999,12.890315298194356,14.460721959264033,1990,25767.74028109052,Europa
Espanha,2000,13.183319238472633,14.345690473244858,2000,26366.638476945267,Europa
Espanha,2001,13.344938767345429,14.67456574361209,2000,26703.222473458205,Europa
Espanha,2002,12.98407325137591,14.223229790291136,2000,25994.114649254574,Europa
Espanha,2003,12.924239214551733,14.358743157082966,2000,25887.25114674712,Europa
Espanha,2004,13.310778000378404,14.553669822346647,2000,26674.799112758323,Europa
Espanha,2005,13.139210661580718,14.73345592018232,2000,26344.117376469338,Europa
Espanha,2006,13.786977329641969,15.271555769898859,2000,27656.67652326179,Europa
Espanha,2007,13.66706391249115,15.321111016515117,2000,27429.79727236974,Europa
Estados Unidos,1971,6.82001636467413,5.25227342804663,1970,13442.25225477271,América do Norte
Estados Unidos,1972,7.676473646389156,7.198931240688173,1970,15138.006030679417,América do Norte
Estados Unidos,1975,6.873163834212518,8.232706009860976,1970,13574.498572569722,América do Norte
Estados Unidos,1976,7.496097345175956,7.853993087224244,1970,14812.288354067688,América do Norte
Estados Unidos,1977,7.719129840906732,8.09437844497296,1970,15260.71969547261,América do Norte
Estados Unidos,1978,10.969077213506518,11.123624018204401,1970,21696.83472831589,América do Norte
Estados Unidos,1979,10.385944565501662,10.501252050663496,1970,20553.78429512779,América do Norte
Estados Unidos,1980,10.385944565501662,10.51110407747908,1980,20564.17023969329,América do Norte
Estados Unidos,1981,10.252417581902414,10.417627677269948,1980,20310.039229748683,América do Norte
Estados Unidos,1982,10.610636252731886,10.877745260164815,1980,21030.281052914597,América do Norte
Estados Unidos,1983,9.982991653648726,10.1093221647277,1980,19796.272449185424,América do Norte
Estados Unidos,1985,9.30801139914963,9.668144893764921,1980,18476.402627312014,América do Norte
Estados Unidos,1986,8.665095821339733,9.129021850798594,1980,17208.88030118071,América do Norte
Estados Unidos,1987,9.712205974370661,9.796236361789152,1980,19298.153271074505,América do Norte
Estados Unidos,1988,8.71948076085107,8.97221007835365,1980,17334.327752571928,América do Norte
Estados Unidos,1989,9.575052927597383,10.885397471418095,1980,19044.780272991196,América do Norte
Estados Unidos,1990,10.236417809461043,11.867167451667259,1990,20370.471440827478,América do Norte
Estados Unidos,1991,10.15253274137299,11.037643932062444,1990,20213.692688073625,América do Norte
Estados Unidos,1992,9.7313341246578,10.704434770699056,1990,19384.817576318335,América do Norte
Estados Unidos,1993,11.263373767879715,12.08656812897545,1990,22447.903919384273,América do Norte
Estados Unidos,1994,11.448813519502984,12.268507392786494,1990,22828.93415788895,América do Norte
Estados Unidos,1995,11.865917635817276,12.656883898738547,1990,23672.505683455463,América do Norte
Estados Unidos,1996,12.527666894601191,13.026440409883957,1990,25005.223121623978,América do Norte
Estados Unidos,1997,13.144778276021343,13.93094862410528,1990,26250.122217214623,América do Norte
Estados Unidos,1998,12.851079450762183,13.693527087821828,1990,25676.456742622842,América do Norte
Estados Unidos,1999,13.421999712090962,13.807835177448176,1990,26830.577424469833,América do Norte
Estados Unidos,2000,12.963233991027003,13.709815541922987,2000,25926.467982054008,América do Norte
Estados Unidos,2001,12.83359004307617,13.851072663490282,2000,25680.013676195416,América do Norte
Estados Unidos,2002,11.847209595145904,12.788048013060871,2000,23718.113609482098,América do Norte
Estados Unidos,2003,12.062941032185348,13.014432895543864,2000,24162.070887467253,América do Norte
Estados Unidos,2004,11.283914735377971,12.450308188631231,2000,22612.965129697455,América do Norte
Estados Unidos,2005,10.878877036797489,12.409825404732452,2000,21812.148458778964,América do Norte
Estados Unidos,2006,11.023274076435644,12.781221454750671,2000,22112.6877973299,América do Norte
Estados Unidos,2007,11.281963932727951,12.719509856132651,2000,22642.901612985,América do Norte
Estados Unidos,2008,11.096758293528822,13.203633639017443,2000,22282.290653405875,América do Norte
Estados Unidos,2009,11.355031119697239,13.462864629488418,2000,22812.257519471754,América do Norte
Estados Unidos,2010,12.17960032519906,14.111846576771386,2010,24480.99665365011,América do Norte
Estados Unidos,2011,12.8207365269069,14.379062588721215,2010,25782.501155609778,América do Norte
Estados Unidos,2012,12.846161817615473,14.506620665098295,2010,25846.47757704233,América do Norte
Estados Unidos,2013,13.1594452664416,14.851213930300673,2010,26489.96332134694,América do Norte
Estados Unidos,2014,13.578235120266875,15.243841855263819,2010,27346.565532217486,América do Norte
Estados Unidos,2015,13.560788616412886,15.163260537167343,2010,27324.989062071963,América do Norte
Estados Unidos,2016,13.494507454956988,14.88870793991707,2010,27204.927029193288,América do Norte
Estados Unidos,2017,14.132033699420555,15.229089778653346,2010,28504.31197173126,América do Norte
Estados Unidos,2018,13.215226930292804,14.765151729679877,2010,26668.32794533088,América do Norte
Estados Unidos,2019,13.189780875308355,14.691325485387477,2010,26630.167587247568,América do Norte
Estados Unidos,2020,12.81198569702036,14.566565732469904,2020,25880.211107981126,América do Norte
Estados Unidos,2021,13.135093998083144,14.848570478392148,2020,26546.024970126036,América do Norte
Estados Unidos,2022,12.882104185609398,14.921833377275377,2020,26047.614663302204,América do Norte
Estados Unidos,2023,12.40605810627263,14.389713153530522,2020,25097.45554898953,América do Norte
França,1970,11.424585933646705,11.266206177127312,1970,22506.43428928401,Europa
França,1971,11.39318426335768,11.197927007512344,1970,22455.966183077988,Europa
França,1972,12.08214640396482,12.061058434106734,1970,23825.992708618625,Europa
França,1973,12.464818834186424,12.984576084125738,1970,24593.087559849813,Europa
França,1974,12.665347046911206,13.050171107582129,1970,25001.39507060272,Europa
França,1975,12.162888488299023,12.538059839366714,1970,24021.70476439057,Europa
França,1976,12.558889155276217,12.95677385610811,1970,24816.364970825805,Europa
França,1977,12.682412409014418,13.075238226330962,1970,25073.129332621505,Europa
França,1978,12.780698080154469,13.35838208700167,1970,25280.22080254554,Europa
França,1979,13.03543199721487,13.586103682924868,1970,25797.119922488226,Europa
França,1980,12.421341270847883,13.13890382683439,1980,24594.255716278807,Europa
França,1981,12.621699283309578,13.080349005618096,1980,25003.586280236275,Europa
França,1982,12.657078198741548,12.959263102487458,1980,25086.32898990575,Europa
França,1983,12.495037644679458,12.704205050161901,1980,24777.659649399364,Europa
França,1984,11.670681067818933,11.836145998629974,1980,23154.631238552764,Europa
França,1985,13.199578090066819,13.508328932284728,1980,26201.162508782636,Europa
França,1986,13.346181900873573,13.796077962197982,1980,26505.517255134917,Europa
França,1987,12.737438859524824,13.390628658115817,1980,25309.291013875823,Europa
França,1988,12.984419980472595,13.49330605147407,1980,25813.026921179517,Europa
França,1989,13.460692460447271,14.168259605647162,1980,26773.317303829623,Europa
França,1990,13.080417835274112,14.407224501004283,1990,26030.03149219548,Europa
França,1991,13.129317143831598,14.441612611807436,1990,26140.47043336871,Europa
França,1992,12.783859478353959,13.697005136450043,1990,25465.448080881084,Europa
França,1993,13.736817938511354,14.57267237245685,1990,27377.478151453128,Europa
França,1994,14.415014967820381,15.185499962798916,1990,28743.539845833842,Europa
França,1995,14.530014549607712,15.430185135104509,1990,28987.379026467384,Europa
França,1996,14.466746088044484,15.290304001391252,1990,28875.62519173679,Europa
Geórgia,2013,10.426765325491356,11.807108857964343,2010,20989.0786002141,Ásia
Geórgia,2018,9.007612005404566,9.9241231661362,2010,18177.361026906412,Ásia
Geórgia,2019,9.98732305844836,10.625270779632405,2010,20164.40525500724,Ásia
Geórgia,2020,9.917143878983614,10.667768644254274,2020,20032.630635546902,Ásia
Geórgia,2021,9.862092477169742,10.401288725179366,2020,19931.28889636005,Ásia
Geórgia,2022,9.434043766548907,10.202999376741486,2020,19075.63649596189,Ásia
Geórgia,2023,9.75115189123243,10.277977856344862,2020,19726.580275963206,Ásia
"Geórgia do Sul e Sandwich do Sul, Ilhas",2021,7.516977224604321,7.977968093128549,2020,15191.810970925331,América do Sul
"Geórgia do Sul e Sandwich do Sul, Ilhas",2022,7.489412083508719,7.936660155225426,2020,15143.59123285463,América do Sul
Grécia,2006,6.508769136971682,7.280008252884188,2000,13056.590888765195,Europa
Grécia,2007,9.804274767464536,11.834051984641365,2000,19677.179458301325,Europa
Grécia,2008,9.308827318690836,11.274922050748994,2000,18692.125255931198,Europa
Grécia,2009,10.868092144688834,12.155184532203585,2000,21833.99711867987,Europa
Grécia,2010,10.656082191739493,12.187715173493922,2010,21418.725205396382,Europa
Grécia,2011,11.31700789990961,12.934418036740084,2010,22758.502886718226,Europa
Grécia,2012,11.141383408306623,12.68604826381038,2010,22416.463417512925,Europa
Grécia,2013,9.491148875484791,11.172910961924604,2010,19105.682686350883,Europa
Grécia,2014,10.095965689539453,11.58241421348984,2010,20333.27489873246,Europa
Grécia,2015,10.927394254617141,12.15575781965456,2010,22018.69942305354,Europa
Grécia,2016,8.790116892892472,9.8329577863456,2010,17720.875656071225,Europa
Grécia,2017,10.615848952019878,11.845726685936945,2010,21412.167336224094,Europa
Grécia,2018,10.635903522016774,11.81440688693344,2010,21463.253307429848,Europa
Grécia,2019,9.964206287570834,11.168771801585168,2010,20117.732494605512,Europa
Grécia,2020,11.021608307592281,12.298164014151892,2020,22263.648781336407,Europa
Grécia,2021,9.519294579703503,10.919243456629559,2020,19238.49434558078,Europa
Grécia,2022,10.724170060195135,11.908447975528656,2020,21684.271861714562,Europa
Grécia,2023,10.73400250738888,11.903107716213876,2020,21714.887072447702,Europa
Hong Kong,2020,5.7430031878094825,7.9291264873067995,2020,11600.866439375155,Ásia
Hungria,2003,9.502412792729256,10.587846227062993,2000,19033.3328238367,Europa
Hungria,2004,9.30273722124215,10.199918739620157,2000,18642.68539136927,Europa
Hungria,2005,9.2927495082169,10.889602809977092,2000,18631.962763974883,Europa
Hungria,2006,9.262078567380597,10.906744660387382,2000,18579.729606165478,Europa
Hungria,2007,9.588845298501564,11.321195790299079,2000,19244.81251409264,Europa
Hungria,2008,9.679218367934409,11.407809363885171,2000,19435.870482812294,Europa
Hungria,2009,9.444067716830038,11.380844448612793,2000,18973.132043111545,Europa
Hungria,2010,9.628655892063167,11.988923591263632,2010,19353.598343046964,Europa
Hungria,2011,9.620726684403415,12.453873686866745,2010,19347.281362335267,Europa
Hungria,2012,9.250041738827735,12.036843014262523,2010,18611.0839785214,Europa
Hungria,2013,9.297618380083243,11.85081812088957,2010,18716.10579910757,Europa
Hungria,2014,9.838095333769076,11.649299064694805,2010,19813.92400221092,Europa
Hungria,2015,8.540519016719735,11.2210881045883,2010,17209.145818690264,Europa
Hungria,2016,9.025936648977904,10.981165573844905,2010,18196.288284339455,Europa
Hungria,2017,10.07802892201112,12.033824184330715,2010,20327.384335696428,Europa
Hungria,2018,10.075043029177243,11.638729578929011,2010,20331.436832879677,Europa
Hungria,2019,10.451377720438934,11.89478753335453,2010,21101.331617566208,Europa
Hungria,2020,8.566935283311052,10.136621037879685,2020,17305.209272288324,Europa
Hungria,2021,9.91219949313815,11.988022351531924,2020,20032.555175632202,Europa
Hungria,2022,10.284010850340083,11.983984786776428,2020,20794.269939387646,Europa
Hungria,2023,10.643184293749053,12.665021646911178,2020,21531.161826254334,Europa
Indonésia,2016,0.0,3.784189633918261,2010,0.0,Ásia
Indonésia,2018,3.6109179126442243,5.351858133476067,2010,7286.832347716045,Ásia
Indonésia,2019,5.556828061699537,7.289610521451167,2010,11219.235856571366,Ásia
Irlanda,2016,0.0,3.784189633918261,2010,0.0,Europa
Irlanda,2018,4.68213122712422,6.86171134048073,2010,9448.540816336676,Europa
Irlanda,2019,5.19295685089021,7.441906728051625,2010,10484.579881947335,Europa
Israel,2007,9.491828300264636,10.218261795359789,2000,19050.099398631126,Ásia
Israel,2008,9.070503426788383,10.625270779632405,2000,18213.570880991072,Ásia
Israel,2009,9.09661160664784,10.506025984225317,2000,18275.092717755513,Ásia
Israel,2010,9.666688690398917,11.443071508570338,2010,19430.044267701825,Ásia
Israel,2011,9.703999490820264,11.137169633218704,2010,19514.74297603955,Ásia
Israel,2012,9.040737587590003,10.770167783856948,2010,18189.964026231086,Ásia
Israel,2013,10.111436244467795,11.489103972844227,2010,20354.32116011367,Ásia
Israel,2014,8.953510763007166,10.605916523694313,2010,18032.37067669643,Ásia
Israel,2015,9.853719410302007,10.91960551966869,2010,19855.244611758546,Ásia
Israel,2016,9.437396260110308,10.698243218684171,2010,19025.79086038238,Ásia
Israel,2017,10.526829031352095,11.699106232089903,2010,21232.614156237178,Ásia
Israel,2018,10.605470581758473,12.111860862267442,2010,21401.8396339886,Ásia
Israel,2019,10.863565478378225,12.115069676361824,2010,21933.53870084564,Ásia
Israel,2020,10.551637367165338,12.320962611404129,2020,21314.307481673983,Ásia
Israel,2021,11.00678883069037,12.607305476843086,2020,22244.720226825237,Ásia
Israel,2022,9.882774510938587,11.320432352854777,2020,19982.970061117823,Ásia
Israel,2023,10.79493216003758,12.466149680897674,2020,21838.147759756026,Ásia
Itália,1970,10.981948152993384,10.385203573155552,1970,21634.437861396967,Europa
Itália,1971,11.593675614655337,10.939834290466713,1970,22851.13463648567,Europa
Itália,1972,11.864968699082318,11.48188877118477,1970,23397.718274590334,Europa
Itália,1973,12.463636947046513,12.135301407972953,1970,24590.75569652277,Europa
Itália,1974,12.630568841544468,12.535700081287157,1970,24932.74289320878,Europa
Itália,1975,12.431381850123564,12.407919013255137,1970,24551.97915399404,Europa
Itália,1976,12.626025629033252,12.530450611844433,1970,24949.026642969708,Europa
Itália,1977,12.761284464500115,12.763952642136813,1970,25229.059386316727,Europa
Itália,1978,12.431357901756243,12.499171271931608,1970,24589.22592967385,Europa
Itália,1979,12.91724391193437,13.240549887209625,1970,25563.22570171812,Europa
Itália,1980,12.288698168708411,12.555447004935191,1980,24331.622374042654,Europa
Itália,1981,12.09387212360748,12.313854726829819,1980,23957.96067686642,Europa
Itália,1982,12.558281129671206,12.683644438838279,1980,24890.513199008332,Europa
Itália,1983,12.49250643920608,12.63870210571024,1980,24772.640268945655,Europa
Itália,1984,11.792993625016324,11.857946768246915,1980,23397.299352032387,Europa
Itália,1985,12.700698762956403,12.861948811039651,1980,25210.88704446846,Europa
Itália,1986,12.971610252677971,13.307173501810368,1980,25761.61796181845,Europa
Itália,1987,12.634443404709922,13.055364231410937,1980,25104.639045158616,Europa
Itália,1988,12.924936304594755,13.463278586532416,1980,25694.773373534375,Europa
Itália,1989,13.528216410259958,14.10939808668415,1980,26907.622440007057,Europa
Itália,1990,13.117585983810669,14.06598830299001,1990,26103.99610778323,Europa
Itália,1991,13.246412959402939,14.101628157265882,1990,26373.60820217125,Europa
Itália,1992,13.200138901573895,14.083270240948673,1990,26294.6766919352,Europa
Itália,1993,14.103261378052881,14.692701561366206,1990,28107.799926459393,Europa
Itália,1994,14.825600874723081,15.436483683276126,1990,29562.248144197823,Europa
Japão,2019,5.0369526024136295,7.265429723253953,2010,10169.607304273119,Ásia
Japão,2023,4.465908118654584,8.13973227971767,2020,9034.532124038224,Ásia
Iugoslávia,1970,6.555356891810665,5.7899601708972535,1970,12914.05307686701,Europa
Iugoslávia,1971,6.46302945692067,5.929589143389895,1970,12738.63105959064,Europa
Iugoslávia,1972,7.509335266016592,7.037027614686276,1970,14808.409144584719,Europa
Iugoslávia,1973,7.132497551660044,6.70196036600254,1970,14072.417669425266,Europa
Iugoslávia,1974,7.83241092718792,7.498315870766981,1970,15461.179170268953,Europa
Iugoslávia,1975,8.98343977178426,8.542665987389269,1970,17742.293549273913,Europa
Iugoslávia,1976,7.650168700845001,7.534228326274089,1970,15116.733352869722,Europa
Iugoslávia,1977,7.475905969367397,7.359467638255621,1970,14779.866101439344,Europa
Iugoslávia,1978,7.475905969367397,7.396948602621014,1970,14787.342007408712,Europa
Iugoslávia,1979,7.650168700845001,7.62608275807238,1970,15139.683858972256,Europa
Iugoslávia,1982,7.208600337960199,7.409136443920128,1980,14287.445869837115,Europa
Iugoslávia,1985,9.563739957780994,9.360483030405902,1980,18984.023816195273,Europa
Iugoslávia,1987,9.788974165747367,9.574358290170174,1980,19450.69166734002,Europa
Iugoslávia,1988,9.911505324129712,9.781376414141157,1980,19704.072584369867,Europa
Iugoslávia,1989,9.746892220313054,9.860110212566559,1980,19386.568626202665,Europa
Iugoslávia,1990,10.56206916790876,10.694237736914808,1990,21018.517644138432,Europa
Iugoslávia,1991,10.152337836193743,10.36803884477013,1990,20213.30463186174,Europa
Iugoslávia,1992,10.150230436100662,10.372521962240313,1990,20219.259028712517,Europa
Iugoslávia,1993,9.053803514155955,9.259225769705994,1990,18044.23040371282,Europa
Iugoslávia,1994,10.162808729968926,10.491301994830229,1990,20264.640607558038,Europa
Iugoslávia,1995,10.855936620963561,11.307241110989326,1990,21657.593558822304,Europa
Líbano,2003,7.018401799069201,8.98894529119609,2000,14057.85880353561,Ásia
Líbano,2004,6.4967749901858625,7.910957382845589,2000,13019.537080332468,Ásia
Líbano,2005,7.266827347520591,9.455245415071905,2000,14569.988831778785,Ásia
Líbano,2006,8.541300266759471,9.269175157697076,2000,17133.8483351195,Ásia
Líbano,2007,8.820108644508608,10.137214897389983,2000,17701.958049528777,Ásia
Líbano,2008,9.237079669165805,10.759072409292887,2000,18548.055975684936,Ásia
Líbano,2009,8.577535420422398,10.462303020300782,2000,17232.268659628597,Ásia
Líbano,2010,9.664087578702395,11.722245915930957,2010,19424.816033191815,Ásia
Líbano,2011,9.78052864513568,11.834682824004908,2010,19668.643105367853,Ásia
Líbano,2012,8.666647144584575,10.77534561256631,2010,17437.294054904163,Ásia
Líbano,2013,8.793156870913819,11.235998679835268,2010,17700.624781149516,Ásia
Líbano,2014,10.770819105958742,12.506717832573662,2010,21692.429679400906,Ásia
Líbano,2015,8.776630098427717,10.93661865367406,2010,17684.90964833185,Ásia
Líbano,2016,9.274816391160547,11.175702946958312,2010,18698.02984457966,Ásia
Líbano,2017,9.45234493093131,11.445513486070972,2010,19065.379725688454,Ásia
Líbano,2018,9.89055427712423,11.91869052808739,2010,19959.138531236695,Ásia
Líbano,2019,9.991361057786367,12.02789648469744,2010,20172.557975670676,Ásia
Líbano,2020,9.42424134192346,10.734416455259145,2020,19036.96751068539,Ásia
Líbano,2021,10.093901279227419,11.275594242945168,2020,20399.774485318612,Ásia
Líbano,2022,10.313940202155331,12.114773909117533,2020,20854.78708875808,Ásia
Líbano,2023,9.570040734716603,11.576941974883646,2020,19360.192406331687,Ásia
Luxemburgo,2016,0.0,3.784189633918261,2010,0.0,Europa
Luxemburgo,2018,1.791759469228055,3.7612001156935624,2010,3615.770608902215,Europa
Macedônia,2014,5.53338948872752,6.210600077024653,2010,11144.246430297226,Europa
Macedônia,2019,7.188412736496954,6.774223886357614,2010,14513.405314987349,Europa
Macedônia,2023,9.050523670522297,9.751093661983862,2020,18309.20938546661,Europa
Marrocos,2012,6.111467339502679,8.256347772918016,2010,12296.27228707939,África
Marrocos,2015,7.470793774195062,9.621323560768252,2010,15053.649455003051,África
Marrocos,2019,7.719129840906732,9.73014555852275,2010,15584.923148790693,África
Marrocos,2020,7.6783263565068856,9.02725852623582,2020,15510.21924014391,África
Marrocos,2021,6.894670039433482,8.84779106484485,2020,13934.128149695067,África
Marrocos,2022,9.542015406113592,10.74716457989777,2020,19293.95515116168,África
Marrocos,2023,6.403574197934815,7.762170607138205,2020,12954.430602422131,África
México,2010,8.854379458771108,11.06137453266671,2010,17797.302712129927,América do Norte
México,2018,4.90527477843843,6.690842277418564,2010,9898.84450288875,América do Norte
México,2019,6.472346294500901,8.275885669474356,2010,13067.66716859732,América do Norte
México,2020,3.5263605246161616,5.204006687076795,2020,7123.248259724646,América do Norte
México,2021,1.6094379124341003,2.995732273553991,2020,3252.6740210293165,América do Norte
Moldávia,2020,8.671286726753637,9.101194924715385,2020,17515.999188042348,Europa
Moldávia,2021,10.165813354725493,11.104671471534129,2020,20545.108789900223,Europa
Moldávia,2022,10.554170766276814,11.160285227787263,2020,21340.533289411716,Europa
Montenegro,2019,7.43955930913332,8.601718146485926,2010,15020.470245140174,Europa
Montenegro,2023,10.843299479451629,11.840371372288757,2020,21935.994846930644,Europa
Noruega,2016,5.983936280687191,5.537334267018537,2010,12063.615541865376,Europa
Noruega,2017,1.791759469228055,3.332204510175204,2010,3613.978849432987,Europa
Nova Zelândia,2003,9.958922259424229,11.93872900451831,2000,19947.721285626732,Oceania
Nova Zelândia,2004,9.373733918884618,11.583141587979876,2000,18784.962773444775,Oceania
Nova Zelândia,2005,10.35111775280497,12.32137260089275,2000,20753.991094373967,Oceania
Nova Zelândia,2006,10.36803884477013,12.448971764209732,2000,20798.28592260888,Oceania
Nova Zelândia,2007,10.76259398788244,12.941505548837348,2000,21600.526133680058,Oceania
Nova Zelândia,2008,10.975225266531696,13.193056669023845,2000,22038.252335195648,Oceania
Nova Zelândia,2009,10.335497215866404,12.61899322574302,2000,20764.013906675606,Oceania
Nova Zelândia,2010,11.539411590206056,13.761100833602066,2010,23194.21729631417,Oceania
Nova Zelândia,2011,11.926325673397717,14.05284415270652,2010,23983.84092920281,Oceania
Nova Zelândia,2012,11.30973158896364,13.580238755850079,2010,22755.17995699484,Oceania
Nova Zelândia,2013,11.415632320390161,13.641778406384146,2010,22979.667860945396,Oceania
Nova Zelândia,2014,11.573568910138915,13.645355488395284,2010,23309.167785019774,Oceania
Nova Zelândia,2015,11.672839504686591,13.765008529390713,2010,23520.77160194348,Oceania
Nova Zelândia,2016,10.823331962609581,12.796719106204357,2010,21819.837236620915,Oceania
Nova Zelândia,2017,10.353926026287024,12.422847962615675,2010,20883.868795020928,Oceania
Nova Zelândia,2018,11.781845118921021,13.438915665561789,2010,23775.76344998262,Oceania
Nova Zelândia,2019,11.799456875664614,13.562978102475027,2010,23823.103431966854,Oceania
Nova Zelândia,2020,9.640368002912599,11.404939283043467,2020,19473.543365883448,Oceania
Nova Zelândia,2021,9.998615897627705,11.8317282260798,2020,20207.202729105593,Oceania
Nova Zelândia,2022,10.864101343046947,12.908174612047926,2020,21967.21291564093,Oceania
Nova Zelândia,2023,10.263467030483161,12.445636640411719,2020,20762.993802667435,Oceania
Países Baixos (Holanda),2016,0.0,3.784189633918261,2010,0.0,Europa
Países Baixos (Holanda),2018,5.648974238161206,9.073374516903025,2010,11399.630012609314,Europa
Países Baixos (Holanda),2019,6.453624998892692,8.575084669832014,2010,13029.868872764344,Europa
Países Baixos (Holanda),2020,7.734558844354756,10.042858113983936,2020,15623.808865596606,Europa
Países Baixos (Holanda),2023,2.302585092994046,5.872117789475416,2020,4658.129643126955,Europa
Panamá,2019,2.8903717578961645,4.574710978503383,2010,5835.660579192356,América do Norte
Peru,2010,3.5263605246161616,5.53338948872752,2010,7087.984654478485,América do Sul
Peru,2014,8.07153089355666,8.975503722070927,2010,16256.063219623114,América do Sul
Peru,2018,4.356708826689592,6.483107351457199,2010,8791.838412259596,América do Sul
Peru,2022,9.790430830243832,11.33958347095685,2020,19796.25113875303,América do Sul
Peru,2023,9.41548287218084,10.98296798888821,2020,19047.52185042184,América do Sul
Porto Rico,2007,9.658801110545443,9.601165503344832,2000,19385.213828864704,América do Norte
Porto Rico,2018,3.871201010907891,6.003887067106539,2010,7812.083640012124,América do Norte
Porto Rico,2019,3.091042453358316,4.7535901911063645,2010,6240.81471333044,América do Norte
Porto Rico,2020,4.007333185232471,6.994849985833071,2020,8094.813034169591,América do Norte
Porto Rico,2023,7.611842399580417,8.407824654360873,2020,15398.757174351183,América do Norte
Portugal,1970,13.574215765065615,13.183422728241819,1970,26741.20505717926,Europa
Portugal,1971,13.707157792210229,13.338749750323377,1970,27016.80800844636,Europa
Portugal,1972,14.316726960692527,14.019457426360923,1970,28232.585566485664,Europa
Portugal,1973,14.851651875528322,14.621378203188256,1970,29302.30915041738,Europa
Portugal,1974,14.62434480138568,14.466642845283118,1970,28868.456637935335,Europa
Portugal,1975,14.60032720806934,14.424423048423579,1970,28835.646235936947,Europa
Portugal,1976,14.64162447175863,14.442824512951788,1970,28931.849956195056,Europa
Portugal,1977,14.572844479044244,14.429400763748392,1970,28810.51353507047,Europa
Portugal,1978,14.831935813758221,14.810993543670902,1970,29337.56903961376,Europa
Portugal,1979,14.853580242285757,15.066400630827902,1970,29395.235299483513,Europa
Portugal,1980,14.286720958768221,14.579560185610594,1980,28287.707498361076,Europa
Portugal,1981,13.74713214051891,14.055551343534303,1980,27233.06877036796,Europa
Portugal,1982,13.887816335712206,14.045815604446922,1980,27525.651977381593,Europa
Portugal,1983,13.989175588245818,14.106963760757123,1980,27740.535191491457,Europa
Portugal,1984,13.193207600748023,13.183488579791755,1980,26175.32387988408,Europa
Portugal,1985,14.210924656818037,14.156897838799152,1980,28208.685443783805,Europa
Portugal,1986,14.63563086012523,14.630275191176436,1980,29066.362888208707,Europa
Portugal,1987,14.205587202007036,14.29177082357691,1980,28226.501770387982,Europa
Portugal,1988,14.190051745814477,14.449371533128796,1980,28209.82287067918,Europa
Portugal,1989,14.340471012665118,14.888783158066836,1980,28523.19684419092,Europa
Portugal,1990,14.168898204657152,14.842640450276937,1990,28196.107427267732,Europa
Portugal,1991,14.124361236103518,14.741957936040786,1990,28121.603221082103,Europa
Portugal,1992,13.849377542375848,14.398938292071565,1990,27587.960064412688,Europa
Portugal,1993,14.333380710668944,14.870977321470972,1990,28566.427756363206,Europa
Portugal,1994,14.75130897168169,15.313170741736078,1990,29414.11008953329,Europa
Reino Unido,2006,9.609787407758784,10.937899040810374,2000,19277.23353996412,Europa
Reino Unido,2007,8.86177531100083,11.123269727593826,2000,17785.583049178666,Europa
Reino Unido,2008,5.755742213586912,9.235813167949214,2000,11557.53036488252,Europa
Reino Unido,2009,9.233763886919771,10.885116485718418,2000,18550.63164882182,Europa
Reino Unido,2010,6.432940092739179,10.01202800682558,2010,12930.20958640575,Europa
Reino Unido,2011,5.602118820879701,8.70317470904168,2010,11265.860948789079,Europa
Reino Unido,2012,6.008813185442595,10.183653952946246,2010,12089.7321291105,Europa
Reino Unido,2013,4.852030263919617,7.933796874815411,2010,9767.136921270188,Europa
Reino Unido,2014,5.755742213586912,9.149634496858788,2010,11592.06481816404,Europa
Reino Unido,2015,4.51085950651685,7.210079628170788,2010,9089.381905631451,Europa
Reino Unido,2016,1.791759469228055,5.545177444479562,2010,3612.187089963759,Europa
Reino Unido,2017,2.833213344056216,6.9411900550683745,2010,5714.591314961388,Europa
Reino Unido,2018,8.325306029752582,10.840266950837599,2010,16800.46756804071,Europa
Reino Unido,2019,8.480529207044645,10.749870708994932,2010,17122.188469023138,Europa
Reino Unido,2020,7.8582541821860294,10.040463007563206,2020,15873.67344801578,Europa
Reino Unido,2021,7.060476365999801,9.143986871426161,2020,14269.222735685596,Europa
Reino Unido,2022,7.412160334945205,9.883080742758466,2020,14987.388197259204,Europa
Reino Unido,2023,7.500529485395295,10.396902486042325,2020,15173.571148954681,Europa
Republica Dominicana,2016,0.0,3.784189633918261,2010,0.0,América do Norte
Republica Dominicana,2018,1.0986122886681098,2.6390573296152584,2010,2216.9995985322457,América do Norte
Romênia,2012,10.426765325491356,11.35418761347323,2010,20978.65183488861,Europa
Romênia,2014,8.33423142973486,8.635864721133736,2010,16785.14209948601,Europa
Romênia,2015,8.691314551644853,8.97790377375038,2010,17512.99882156438,Europa
Romênia,2017,9.826066405567543,10.86189863570049,2010,19819.175940029734,Europa
Romênia,2018,9.526609901279876,9.179468708309095,2010,19224.69878078279,Europa
Romênia,2019,8.555836815008442,8.810907036099737,2010,17274.234529502046,Europa
Romênia,2020,10.329931067029484,11.160100244186243,2020,20866.46075539956,Europa
Romênia,2021,10.427357725022913,11.508545888610918,2020,21073.68996227131,Europa
Romênia,2022,10.773022050401837,11.509088111738974,2020,21783.050585912515,Europa
Romênia,2023,10.512600737486064,11.501217189838068,2020,21266.991291934308,Europa
Rússia,2016,0.0,3.784189633918261,2010,0.0,Europa
Rússia,2018,9.769041455983205,11.099846444456379,2010,19713.925658174107,Europa
Rússia,2021,10.379100420546374,11.080695348341909,2020,20976.161949924222,Europa
San Marino,2021,6.999422467507961,7.71333788887187,2020,14145.83280683359,Europa
Sérvia,2021,8.15248607578024,9.02437217426203,2020,16476.174359151864,Europa
Síria,2017,5.988961416889864,5.598421958998375,2010,12079.735177866854,Ásia
Síria,2019,6.464588303689961,6.016157159698354,2010,13052.003785150031,Ásia
Síria,2021,6.184148890937483,7.155396301896734,2020,12498.164908584653,Ásia
Síria,2022,6.9985096422506015,8.554103545436334,2020,14150.986496630716,Ásia
Suazilândia,2023,5.771441123130016,8.84922702143852,2020,11675.625392092023,África
Suíça,2003,7.550135342488429,8.167068178341237,2000,15122.921091004322,Europa
Suíça,2004,8.446556111816797,8.685753832960154,2000,16926.89844808086,Europa
Suíça,2005,8.253748343328501,9.151757414543885,2000,16548.765428373645,Europa
Suíça,2006,8.348301054933943,8.70267641154777,2000,16746.69191619749,Europa
Suíça,2008,7.085901464365611,8.586719254064848,2000,14228.490140446147,Europa
Suíça,2009,8.488999457045455,9.482654967296842,2000,17054.39990920432,Europa
Suíça,2010,7.81762544305337,8.988570876215118,2010,15713.427140537273,Europa
Suíça,2015,7.026426808699636,8.745921121024347,2010,14158.250019529767,Europa
Suíça,2016,1.9459101490553132,5.5053315359323625,2010,3922.9548604955116,Europa
Suíça,2017,4.9344739331306915,7.96346006663897,2010,9952.833923124605,Europa
Suíça,2018,6.327936783729195,8.942199454731238,2010,12769.776429565514,Europa
Suíça,2019,8.414274137408396,11.060683165303136,2010,16988.41948342755,Europa
Suíça,2020,6.601230118728877,8.674025985443025,2020,13334.48483983233,Europa
Suíça,2021,2.0794415416798357,5.062595033026967,2020,4202.551355734948,Europa
Suíça,2023,7.6544432264701125,11.523984092326963,2020,15484.938647149038,Europa
"Tcheca, República",2021,5.420534999272286,8.617762246337932,2020,10954.90123352929,Europa
"Tcheca, República",2022,8.507344855361422,9.396404915048972,2020,17201.851297540798,Europa
Tunísia,2011,9.706316282491837,10.531909527867445,2010,19519.402044091086,África
Tunísia,2012,9.89917828094803,10.667069897311976,2010,19917.146701267437,África
Tunísia,2013,8.987321812850125,9.947169453622251,2010,18091.4788092673,África
Turquia,2015,10.381211304797002,11.605887435342101,2010,20918.14077916596,Ásia
Turquia,2018,7.3727463664043285,7.1276936993473985,2010,14878.202167403935,Ásia
Turquia,2020,9.773606631681607,10.915815472607225,2020,19742.685395996847,Ásia
Turquia,2022,10.00278975360999,10.566639335560673,2020,20225.6408817994,Ásia
Ucrânia,2016,8.57922858233569,9.177817180270623,2010,17295.72482198875,Europa
Ucrânia,2017,6.763884908562435,6.837332814685591,2010,13642.75586057043,Europa
Ucrânia,2019,8.443977129084978,8.031060180240619,2010,17048.38982362257,Europa
Uruguai,1970,8.660080678964786,7.534762657037537,1970,17060.358937560628,América do Sul
Uruguai,1971,7.559038255443384,6.456769655572163,1970,14898.86440147891,América do Sul
Uruguai,1972,8.9085593751449,7.91644286012226,1970,17567.679087785742,América do Sul
Uruguai,1977,10.09377727897926,10.433409671993108,1970,19955.397680542,América do Sul
Uruguai,1978,10.385049130615592,10.431199791458543,1970,20541.627180357642,América do Sul
Uruguai,1979,9.497097016351463,10.038935856711177,1970,18794.754995359544,América do Sul
Uruguai,1980,9.091669442258505,9.729193687429403,1980,18001.50549567184,América do Sul
Uruguai,1992,9.327945614050446,9.989481745702989,1990,18581.26766318849,América do Sul
Uruguai,1993,10.405504493520723,11.145074010155344,1990,20738.170455586802,América do Sul
Uruguai,1994,10.469369382050196,11.191741760864094,1990,20875.92254780809,América do Sul
Uruguai,1995,10.408828161071545,11.207703802620411,1990,20765.612181337732,América do Sul
Uruguai,1996,11.184435286790631,12.00944930402536,1990,22324.1328324341,América do Sul
Uruguai,1997,11.397716613257588,12.254638975126706,1990,22761.240076675404,América do Sul
Uruguai,1998,12.535340420802772,13.172400382991459,1990,25045.61016076394,América do Sul
Uruguai,1999,14.353194447599819,14.829435675673077,1990,28692.035700752036,América do Sul
Uruguai,2000,14.48933933397328,15.100916333868101,2000,28978.678667946562,América do Sul
Uruguai,2001,14.327554239596491,14.95420696899192,2000,28669.43603343258,América do Sul
Uruguai,2002,14.036966285705303,14.549105102879356,2000,28102.006503982015,América do Sul
Uruguai,2003,13.907264421565822,14.304380101417632,2000,27856.25063639634,América do Sul
Uruguai,2004,13.400787224442707,13.900820905690265,2000,26855.177597783186,América do Sul
Uruguai,2005,13.14798044060731,13.73653985881755,2000,26361.700783417655,América do Sul
Uruguai,2006,13.480701936767227,14.1798334814079,2000,27042.288085155058,América do Sul
Uruguai,2007,14.685642580353178,14.957150407102901,2000,29474.08465876883,América do Sul
Uruguai,2008,13.732552772242952,14.552454504022602,2000,27574.965966663847,América do Sul
Uruguai,2009,13.528287047023758,14.485077394633615,2000,27178.32867747073,América do Sul
Uruguai,2010,14.013859651502067,14.970834568127568,2010,28167.857899519153,América do Sul
Uruguai,2011,14.050034703945265,15.062989016572145,2010,28254.61978963393,América do Sul
Uruguai,2012,14.096081153700673,15.13349743766377,2010,28361.315281245756,América do Sul
Uruguai,2013,14.132020583127861,15.134760327039105,2010,28447.757433836385,América do Sul
Uruguai,2014,14.028634480024238,15.145838353534318,2010,28253.669842768813,América do Sul
Uruguai,2015,14.151659885313041,15.218932648499315,2010,28515.59466890578,América do Sul
Uruguai,2016,14.611075779345912,15.44458696657872,2010,29455.928771161358,América do Sul
Não consta na tabela,1996,11.062818576238943,11.910895891316132,1990,22081.38587817293,Desconhecido
Não declarados,1996,9.961095865156441,10.191107123034703,1990,19882.347346852257,Desconhecido
Outros,1970,8.614138397472717,8.35608503102148,1970,16969.85264302125,Desconhecido
Outros,1971,11.26176816720082,10.64611513518697,1970,22196.945057552817,Desconhecido
Outros,1972,11.277873792581646,10.127950233416236,1970,22239.967118971006,Desconhecido
Outros,1973,8.36799688505411,8.661466680572662,1970,16510.05785421176,Desconhecido
Outros,1974,9.975901233045173,10.245799845639024,1970,19692.42903403117,Desconhecido
Outros,1975,9.805488761654026,9.546098067659527,1970,19365.8403042667,Desconhecido
Outros,1976,9.23024103368252,8.972717499397138,1970,18238.956282556657,Desconhecido
Outros,1977,6.111467339502679,6.466144724237619,1970,12082.370930196796,Desconhecido
Outros,1978,7.206377291472252,7.099201743553092,1970,14254.214282532115,Desconhecido
Outros,1979,7.788211557847076,7.869019376499023,1970,15412.870672979363,Desconhecido
Outros,1980,9.254070134837509,9.263312256742289,1980,18323.058866978266,Desconhecido
Outros,1981,9.748820072523989,9.790878608153474,1980,19312.412563670023,Desconhecido
Outros,1982,10.003559106260344,10.325678664559879,1980,19827.054148608,Desconhecido
Outros,1983,8.815666824946216,8.676416696964216,1980,17481.467313868347,Desconhecido
Outros,1984,10.184560331647974,10.448714603019452,1980,20206.167697989582,Desconhecido
Outros,1985,8.594339400592892,9.458215559509576,1980,17059.76371017689,Desconhecido
Outros,1986,9.662561831426121,9.83996185165625,1980,19189.847797212275,Desconhecido
Outros,1987,3.367295829986474,3.713572066704308,1980,6690.816814183124,Desconhecido
Outros,1988,6.077642243349034,6.111467339502679,1980,12082.35277977788,Desconhecido
Outros,1989,9.28628237555134,9.973899416776494,1980,18470.415644971614,Desconhecido
Outros,1990,11.09492208016396,11.885068164012079,1990,22078.89493952628,Desconhecido
Outros,1991,11.489278055964235,11.990103297963964,1990,22875.152609424793,Desconhecido
Outros,1992,10.105039677606861,10.991257946359317,1990,20129.239037792868,Desconhecido
Outros,1993,11.896356257417162,12.930946180405074,1990,23709.438021032405,Desconhecido
Outros,1994,12.07116316091579,12.574980955776562,1990,24069.899342866083,Desconhecido
Outros,1995,12.207756227510359,12.881923605131691,1990,24354.473673883167,Desconhecido
Outros,1996,11.752257276480963,12.59734754720229,1990,23457.505523856,Desconhecido
Outros,1997,12.136031009996701,13.21536908577104,1990,24235.653926963412,Desconhecido
Outros,1998,12.143771619332794,13.082503419977956,1990,24263.255695426924,Desconhecido
Outros,1999,10.812693244687052,12.349436787838044,1990,21614.573796129418,Desconhecido
Outros,2000,11.20438741063907,12.595428696705152,2000,22408.77482127814,Desconhecido
Outros,2001,10.763356070097183,12.215666477201495,2000,21537.475496264462,Desconhecido
Outros,2002,11.067731514633067,12.455667262449618,2000,22157.5984922954,Desconhecido
Outros,2005,9.544739031650487,11.066138237300127,2000,19137.201758459225,Desconhecido
